series,adf_stat,p_value,crit_1%,crit_5%,crit_10%
SPX Index,-20.40914245684854,0.0,-3.4462831955497135,-2.8685636962704395,-2.5705114078759914
UKX Index,-20.109783619360233,0.0,-3.4462831955497135,-2.8685636962704395,-2.5705114078759914
NKY Index,-19.83800670145094,0.0,-3.4462831955497135,-2.8685636962704395,-2.5705114078759914
HSI Index,-19.79408768816486,0.0,-3.4462831955497135,-2.8685636962704395,-2.5705114078759914
NIFTY Index,-19.433866457545115,0.0,-3.4462831955497135,-2.8685636962704395,-2.5705114078759914
